﻿<?xml version="1.0" encoding="utf-8"?>
<deployment>
  <id>4c017975cbff5770cfc84cdcc4c9ae9d389312d91747411860750</id>
  <author>1abdelhalim</author>
  <deployer>GitHub</deployer>
  <authorEmail />
  <message>{"type":"Deployment","sha":"4c017975cbff5770cfc84cdcc4c9ae9d389312d9","repoName":"1abdelhalim/Evently","actor":"1abdelhalim","slotName":"production"}</message>
  <progress />
  <status>Success</status>
  <statusText />
  <lastSuccessEndTime>2025-05-16T16:11:04.4968598Z</lastSuccessEndTime>
  <receivedTime>2025-05-16T16:11:04.4968598Z</receivedTime>
  <startTime>2025-05-16T16:11:04.4968598Z</startTime>
  <endTime>2025-05-16T16:11:04.4968598Z</endTime>
  <complete>True</complete>
  <is_temp>False</is_temp>
  <is_readonly>True</is_readonly>
  <buildSummary />
</deployment>