﻿<?xml version="1.0" encoding="utf-8"?>
<deployment>
  <id>325f0211d163b19978a34de4cb7513340846a0751747412846976</id>
  <author>1abdelhalim</author>
  <deployer>GitHub</deployer>
  <authorEmail />
  <message>{"type":"Deployment","sha":"325f0211d163b19978a34de4cb7513340846a075","repoName":"1abdelhalim/Evently","actor":"1abdelhalim","slotName":"production"}</message>
  <progress />
  <status>Success</status>
  <statusText />
  <lastSuccessEndTime>2025-05-16T16:27:28.7597321Z</lastSuccessEndTime>
  <receivedTime>2025-05-16T16:27:28.7597321Z</receivedTime>
  <startTime>2025-05-16T16:27:28.7597321Z</startTime>
  <endTime>2025-05-16T16:27:28.7597321Z</endTime>
  <complete>True</complete>
  <is_temp>False</is_temp>
  <is_readonly>True</is_readonly>
  <buildSummary />
</deployment>