﻿<?xml version="1.0" encoding="utf-8"?>
<deployment>
  <id>21feb97ed11b9d8f394cda14d29cc1f6abdcd24e1747413193174</id>
  <author>1abdelhalim</author>
  <deployer>GitHub</deployer>
  <authorEmail />
  <message>{"type":"Deployment","sha":"21feb97ed11b9d8f394cda14d29cc1f6abdcd24e","repoName":"1abdelhalim/Evently","actor":"1abdelhalim","slotName":"production"}</message>
  <progress />
  <status>Success</status>
  <statusText />
  <lastSuccessEndTime>2025-05-16T16:33:16.3215328Z</lastSuccessEndTime>
  <receivedTime>2025-05-16T16:33:16.3215328Z</receivedTime>
  <startTime>2025-05-16T16:33:16.3215328Z</startTime>
  <endTime>2025-05-16T16:33:16.3215328Z</endTime>
  <complete>True</complete>
  <is_temp>False</is_temp>
  <is_readonly>True</is_readonly>
  <buildSummary />
</deployment>