﻿<?xml version="1.0" encoding="utf-8"?>
<deployment>
  <id>2e8c9289e89f6bbb5ee028354c1d095b0d78414e1747433041597</id>
  <author>1abdelhalim</author>
  <deployer>GitHub</deployer>
  <authorEmail />
  <message>{"type":"Deployment","sha":"2e8c9289e89f6bbb5ee028354c1d095b0d78414e","repoName":"1abdelhalim/Evently","actor":"1abdelhalim","slotName":"production"}</message>
  <progress />
  <status>Success</status>
  <statusText />
  <lastSuccessEndTime>2025-05-16T22:04:05.1835433Z</lastSuccessEndTime>
  <receivedTime>2025-05-16T22:04:05.1835433Z</receivedTime>
  <startTime>2025-05-16T22:04:05.1835433Z</startTime>
  <endTime>2025-05-16T22:04:05.1835433Z</endTime>
  <complete>True</complete>
  <is_temp>False</is_temp>
  <is_readonly>True</is_readonly>
  <buildSummary />
</deployment>