﻿<?xml version="1.0" encoding="utf-8"?>
<deployment>
  <id>f5bb5cf92f7c54c9b68a872fa89a599aaa931d1c1747435599012</id>
  <author>1abdelhalim</author>
  <deployer>GitHub</deployer>
  <authorEmail />
  <message>{"type":"Deployment","sha":"f5bb5cf92f7c54c9b68a872fa89a599aaa931d1c","repoName":"1abdelhalim/Evently","actor":"1abdelhalim","slotName":"production"}</message>
  <progress />
  <status>Success</status>
  <statusText />
  <lastSuccessEndTime>2025-05-16T22:46:40.7200264Z</lastSuccessEndTime>
  <receivedTime>2025-05-16T22:46:40.7200264Z</receivedTime>
  <startTime>2025-05-16T22:46:40.7200264Z</startTime>
  <endTime>2025-05-16T22:46:40.7200264Z</endTime>
  <complete>True</complete>
  <is_temp>False</is_temp>
  <is_readonly>True</is_readonly>
  <buildSummary />
</deployment>